City_ID,City,Country,Date,Lat,Lng,Max Temp,Humidity,Cloudiness,Wind Speed
0,Basco,PH,2022-12-08 23:03:06,20.4487,121.9702,78.75,81,88,19.1
1,Berdigestyakh,RU,2022-12-08 23:03:06,62.0989,126.6992,-24.23,97,100,5.64
2,Bredasdorp,ZA,2022-12-08 23:03:07,-34.5322,20.0403,67.62,90,78,6.8
3,Ushuaia,AR,2022-12-08 23:00:58,-54.8,-68.3,41.31,94,99,5.41
4,Hobart,AU,2022-12-08 23:00:12,-42.8794,147.3294,57.06,71,20,14.97
5,Bilma,NE,2022-12-08 23:03:08,18.6853,12.9164,66.88,19,15,4.94
6,Maunabo,PR,2022-12-08 23:03:08,18.0072,-65.8993,77.29,76,0,8.88
7,Khuzhir,RU,2022-12-08 23:03:08,53.1939,107.3397,13.69,67,100,12.57
8,Saint-Philippe,RE,2022-12-08 23:03:09,-21.3585,55.7679,74.79,87,26,12.97
9,Eenhana,NA,2022-12-08 23:03:09,-17.4667,16.3333,71.22,21,2,4.97
10,Mahebourg,MU,2022-12-08 23:01:14,-20.4081,57.7,77.29,83,75,11.5
11,Jieshi,CN,2022-12-08 23:03:11,22.8134,115.8257,60.13,76,0,9.01
12,Port Hedland,AU,2022-12-08 23:03:12,-20.3167,118.5667,78.85,78,0,12.66
13,Komsomolskiy,UZ,2022-12-08 23:03:13,40.4272,71.7189,30.92,93,100,6.91
14,Bloemfontein,ZA,2022-12-08 23:00:35,-29.1211,26.214,65.34,67,100,10.18
15,Arcata,US,2022-12-08 22:59:58,40.8665,-124.0828,47.25,96,100,3.0
16,Hermanus,ZA,2022-12-08 23:03:15,-34.4187,19.2345,71.8,84,46,7.58
17,Kodiak,US,2022-12-08 23:03:15,57.79,-152.4072,28.9,63,2,15.46
18,Albany,US,2022-12-08 23:03:16,42.6001,-73.9662,41.41,75,82,5.59
19,Kapaa,US,2022-12-08 23:03:16,22.0752,-159.319,82.38,74,96,8.99
20,Dikson,RU,2022-12-08 23:03:17,73.5069,80.5464,-0.38,96,98,16.55
21,Voznesenye,RU,2022-12-08 23:03:18,61.0106,35.4781,24.01,86,95,11.56
22,Clyde River,CA,2022-12-08 23:03:19,70.4692,-68.5914,0.54,88,100,4.32
23,Hasaki,JP,2022-12-08 23:03:19,35.7333,140.8333,44.22,73,100,11.56
24,Severo-Kurilsk,RU,2022-12-08 23:03:20,50.6789,156.125,24.31,62,74,11.77
25,Indiana,US,2022-12-08 23:00:52,40.0003,-86.2503,43.43,91,100,5.75
26,Kavaratti,IN,2022-12-08 23:03:20,10.5669,72.642,82.09,67,99,12.48
27,Banjarmasin,ID,2022-12-08 23:00:25,-3.3244,114.591,73.54,87,73,2.33
28,Bengkulu,ID,2022-12-08 23:03:21,-3.8004,102.2655,74.16,90,100,4.74
29,Dawei,MM,2022-12-08 23:03:22,14.0833,98.2,72.59,88,41,3.74
30,Tuktoyaktuk,CA,2022-12-08 23:03:22,69.4541,-133.0374,-23.33,93,16,8.97
31,Nanortalik,GL,2022-12-08 23:03:23,60.1432,-45.2371,24.67,76,85,6.78
32,Airai,TL,2022-12-08 23:03:24,-8.9266,125.4092,64.45,72,86,2.33
33,Atuona,PF,2022-12-08 23:03:25,-9.8,-139.0333,77.9,67,65,13.98
34,Namibe,AO,2022-12-08 23:03:26,-15.1961,12.1522,69.53,77,65,4.74
35,Cairns,AU,2022-12-08 23:00:45,-16.9167,145.7667,84.15,61,78,3.44
36,Bluff,NZ,2022-12-08 23:03:27,-46.6,168.3333,63.81,80,100,2.3
37,Da Nang,VN,2022-12-08 23:03:27,16.0678,108.2208,73.38,94,75,1.14
38,Samana,DO,2022-12-08 23:03:28,19.2056,-69.3369,75.16,87,32,7.11
39,Jamestown,US,2022-12-08 23:03:28,42.097,-79.2353,39.02,64,100,5.75
40,Rikitea,PF,2022-12-08 23:03:28,-23.1203,-134.9692,75.33,78,71,12.62
41,Alingsas,SE,2022-12-08 23:03:29,57.9303,12.5335,30.78,85,100,5.41
42,Tasiilaq,GL,2022-12-08 23:03:29,65.6145,-37.6368,23.16,60,43,5.21
43,Beloha,MG,2022-12-08 23:03:29,-25.1667,45.05,72.5,81,2,14.41
44,Hilo,US,2022-12-08 23:00:10,19.7297,-155.09,79.25,91,86,4.0
45,Dingle,PH,2022-12-08 23:03:30,10.9995,122.6711,74.82,95,100,5.64
46,Wajima,JP,2022-12-08 23:03:31,37.4,136.9,47.3,71,51,3.96
47,Mar Del Plata,AR,2022-12-08 23:03:31,-38.0023,-57.5575,71.83,53,0,8.63
48,Guerrero Negro,MX,2022-12-08 23:04:31,27.9769,-114.0611,65.55,55,52,16.53
49,Carnarvon,AU,2022-12-08 23:04:33,-24.8667,113.6333,68.86,66,73,15.55
50,Pevek,RU,2022-12-08 23:04:33,69.7008,170.3133,-17.68,95,86,3.09
51,Cabo San Lucas,MX,2022-12-08 23:04:02,22.8909,-109.9124,82.62,69,0,3.44
52,Urshelskiy,RU,2022-12-08 23:04:33,55.6783,40.2169,20.43,94,100,8.03
53,Vaini,TO,2022-12-08 23:04:34,-21.2,-175.2,86.16,74,40,13.8
54,Saint-Augustin,CA,2022-12-08 23:04:34,51.226,-58.6502,35.11,90,100,11.05
55,Provideniya,RU,2022-12-08 23:04:35,64.3833,-173.3,15.37,85,0,4.47
56,Puerto Ayora,EC,2022-12-08 23:04:36,-0.7393,-90.3518,72.55,86,39,1.99
57,Barrow,US,2022-12-08 23:04:19,71.2906,-156.7887,10.42,85,100,4.61
58,Souillac,MU,2022-12-08 23:04:37,-20.5167,57.5167,77.38,83,75,11.5
59,Krabi,TH,2022-12-08 23:04:37,8.0726,98.9105,73.36,91,100,6.64
60,Banjar,ID,2022-12-08 23:04:37,-8.19,114.9675,77.38,85,57,5.17
61,Sinnamary,GF,2022-12-08 23:04:38,5.3833,-52.95,78.04,86,100,8.48
62,Vestmannaeyjar,IS,2022-12-08 23:03:14,63.4427,-20.2734,29.46,58,10,16.91
63,Hithadhoo,MV,2022-12-08 23:04:38,-0.6,73.0833,82.33,76,100,18.12
64,Brufut,GM,2022-12-08 23:04:39,13.3814,-16.7518,77.67,75,0,19.26
65,Asyut,EG,2022-12-08 23:04:39,27.181,31.1837,61.68,43,84,3.31
66,Punta Arenas,CL,2022-12-08 23:02:31,-53.15,-70.9167,48.88,64,32,12.91
67,Haines Junction,CA,2022-12-08 23:04:40,60.7522,-137.5108,12.38,95,100,3.22
68,Port Hardy,CA,2022-12-08 23:00:16,50.6996,-127.4199,40.48,74,73,7.76
69,Juneau,US,2022-12-08 23:04:40,58.3019,-134.4197,35.22,94,75,17.27
70,Thompson,CA,2022-12-08 23:00:11,55.7435,-97.8558,-22.05,96,23,2.06
71,East London,ZA,2022-12-08 23:04:41,-33.0153,27.9116,74.16,94,99,20.98
72,Athabasca,CA,2022-12-08 23:00:15,54.7169,-113.2854,13.08,91,96,5.77
73,Avera,US,2022-12-08 23:04:41,33.194,-82.5271,69.31,70,26,4.36
74,Qaanaaq,GL,2022-12-08 23:04:42,77.484,-69.3632,18.73,76,100,14.12
75,Villa Rica,US,2022-12-08 23:04:42,33.7321,-84.9191,71.38,89,52,4.38
76,Norman Wells,CA,2022-12-08 23:04:42,65.282,-126.8329,-7.92,96,100,2.1
77,Castro,BR,2022-12-08 23:04:43,-24.7911,-50.0119,68.77,82,47,4.21
78,Tateyama,JP,2022-12-08 23:04:43,34.9833,139.8667,50.09,76,88,11.63
79,Bethel,US,2022-12-08 23:04:44,41.3712,-73.414,47.48,65,0,5.01
80,Paracuru,BR,2022-12-08 23:04:44,-3.41,-39.0306,81.1,78,71,11.63
81,Rosetown,CA,2022-12-08 23:04:45,51.5501,-108.0014,10.65,95,46,4.45
82,Saint-Joseph,RE,2022-12-08 23:04:45,-21.3667,55.6167,73.78,83,14,12.15
83,Mataura,NZ,2022-12-08 23:04:45,-46.1927,168.8643,63.48,55,100,1.23
84,Atherton,GB,2022-12-08 23:04:46,53.5237,-2.4935,33.42,84,48,1.99
85,Talnakh,RU,2022-12-08 23:04:46,69.4865,88.3972,-10.59,97,93,1.74
86,Praia Da Vitoria,PT,2022-12-08 23:04:47,38.7333,-27.0667,57.76,90,49,15.41
87,Anshun,CN,2022-12-08 23:04:47,26.25,105.9333,41.76,83,100,5.5
88,Pangnirtung,CA,2022-12-08 23:04:47,66.1451,-65.7125,17.6,73,100,4.61
89,Orange Cove,US,2022-12-08 23:00:10,36.6244,-119.3137,58.6,71,20,0.0
90,Tiksi,RU,2022-12-08 23:04:48,71.6872,128.8694,-11.79,100,100,2.73
91,Noumea,NC,2022-12-08 23:04:48,-22.2763,166.4572,85.98,99,2,5.17
92,Port Blair,IN,2022-12-08 23:04:49,11.6667,92.75,77.04,94,75,2.3
93,Lisakovsk,KZ,2022-12-08 23:04:49,52.5369,62.4936,2.16,86,60,7.36
94,Upernavik,GL,2022-12-08 23:04:49,72.7868,-56.1549,31.75,78,100,17.11
95,Yulara,AU,2022-12-08 23:05:50,-25.2406,130.9889,88.52,13,28,18.32
96,Kuito,AO,2022-12-08 23:05:50,-12.3833,16.9333,57.24,92,100,4.32
97,Udomlya,RU,2022-12-08 23:05:51,57.8794,34.9925,29.14,90,99,8.01
98,General Pico,AR,2022-12-08 23:01:39,-35.6566,-63.7568,89.73,22,0,9.55
99,Chokurdakh,RU,2022-12-08 23:05:51,70.6333,147.9167,-23.19,99,98,4.56
100,Dukat,RU,2022-12-08 23:05:52,62.55,155.55,-14.64,89,100,4.29
101,Kassala,SD,2022-12-08 23:05:52,15.451,36.4,73.65,71,0,9.98
102,New Norfolk,AU,2022-12-08 23:05:53,-42.7826,147.0587,56.7,71,86,3.49
103,Luderitz,NA,2022-12-08 23:05:53,-26.6481,15.1594,61.05,90,0,8.1
104,Sao Felix Do Xingu,BR,2022-12-08 23:05:54,-6.6447,-51.995,77.59,75,83,3.31
105,Effingham,US,2022-12-08 23:05:54,32.3669,-81.3332,75.15,90,80,2.59
106,Nacala,MZ,2022-12-08 23:05:54,-14.5428,40.6728,74.79,88,63,2.35
107,Presidencia Roque Saenz Pena,AR,2022-12-08 23:05:55,-26.7852,-60.4388,93.04,36,94,9.57
108,Port Alfred,ZA,2022-12-08 23:05:55,-33.5906,26.891,74.17,95,100,4.0
109,Belaya Gora,RU,2022-12-08 23:05:56,68.5333,146.4167,-39.75,100,98,2.17
110,Karwar,IN,2022-12-08 23:05:56,14.8,74.1333,72.03,48,100,7.36
111,Busselton,AU,2022-12-08 23:05:57,-33.65,115.3333,59.99,62,35,3.56
112,Chulman,RU,2022-12-08 23:05:57,56.8479,124.9104,1.26,93,100,9.24
113,Butaritari,KI,2022-12-08 23:05:57,3.0707,172.7902,81.66,77,89,16.64
114,Chuy,UY,2022-12-08 23:05:58,-33.6971,-53.4616,71.87,79,0,6.96
115,Weiser,US,2022-12-08 23:05:58,44.251,-116.9693,28.87,84,89,1.99
116,Saldanha,ZA,2022-12-08 23:05:59,-33.0117,17.9442,66.58,88,51,9.17
117,Caravelas,BR,2022-12-08 23:05:59,-17.7125,-39.2481,74.05,96,41,9.42
118,Vineland,US,2022-12-08 23:05:02,39.4862,-75.0257,48.65,65,0,9.22
119,Vila Franca Do Campo,PT,2022-12-08 23:05:59,37.7167,-25.4333,59.41,85,59,6.8
120,Saskylakh,RU,2022-12-08 23:06:00,71.9167,114.0833,-6.47,97,100,12.15
121,Konotop,UA,2022-12-08 23:06:00,51.2403,33.2026,29.55,95,57,7.45
122,Narsaq,GL,2022-12-08 23:06:01,60.9167,-46.05,20.25,75,100,6.73
123,Aykhal,RU,2022-12-08 23:06:02,66.0,111.5,-18.58,94,99,4.56
124,Isangel,VU,2022-12-08 23:06:03,-19.55,169.2667,86.11,74,75,6.91
125,Banapur,IN,2022-12-08 23:06:03,19.7833,85.1833,65.52,43,95,5.48
126,Birao,CF,2022-12-08 23:06:04,10.2849,22.7882,67.95,18,100,6.24
127,Ilulissat,GL,2022-12-08 23:06:05,69.2167,-51.1,44.62,36,100,14.97
128,Sinop,TR,2022-12-08 23:06:05,41.7711,34.8709,44.92,68,59,9.69
129,Darnah,LY,2022-12-08 23:06:05,32.767,22.6367,63.97,83,5,10.18
130,Sao Joao Da Barra,BR,2022-12-08 23:05:10,-21.6403,-41.0511,75.29,89,16,5.88
131,Bambous Virieux,MU,2022-12-08 23:06:06,-20.3428,57.7575,77.25,83,75,11.5
132,Calvia,ES,2022-12-08 23:06:07,39.5657,2.5062,62.2,87,100,10.58
133,Alice,US,2022-12-08 23:06:07,27.7523,-98.0697,78.96,70,20,16.11
134,Tevaitoa,PF,2022-12-08 23:06:09,-16.7833,-151.5,80.76,71,91,12.75
135,Wamba,NG,2022-12-08 23:06:09,8.9333,8.6,72.21,22,12,4.43
136,Walvis Bay,NA,2022-12-08 23:06:10,-22.9575,14.5053,60.1,82,0,11.32
137,Tabou,CI,2022-12-08 23:06:10,4.423,-7.3528,78.69,83,9,7.18
138,Azul,AR,2022-12-08 23:06:11,-36.777,-59.8585,85.33,15,0,7.18
139,Ribeira Grande,PT,2022-12-08 23:06:11,38.5167,-28.7,59.77,82,73,11.01
140,Siyabuswa,ZA,2022-12-08 23:07:12,-25.1132,29.0445,70.92,76,88,7.56
141,Vila Velha,BR,2022-12-08 23:07:13,-20.3297,-40.2925,75.15,87,75,6.91
142,Lubao,PH,2022-12-08 23:07:13,14.9167,120.55,77.27,83,100,3.22
143,Havre-Saint-Pierre,CA,2022-12-08 23:07:14,50.2334,-63.5986,37.76,100,100,8.05
144,Kasongo-Lunda,CD,2022-12-08 23:07:14,-6.4667,16.8167,68.88,97,89,1.34
145,Alyangula,AU,2022-12-08 23:07:15,-13.8483,136.4192,84.94,62,92,10.45
146,Vardo,NO,2022-12-08 23:07:16,70.3705,31.1107,31.98,74,75,28.77
147,Bathurst,AU,2022-12-08 23:07:17,-33.4166,149.5806,58.96,58,4,1.01
148,Kathu,TH,2022-12-08 23:07:17,7.9178,98.3332,75.02,85,100,10.92
149,Longyearbyen,SJ,2022-12-08 23:07:18,78.2186,15.6401,21.04,79,75,8.05
150,College,US,2022-12-08 23:07:19,64.8569,-147.8028,17.58,87,100,5.75
151,Lishui,CN,2022-12-08 23:07:20,28.4604,119.9103,52.63,95,85,1.99
152,Tilichiki,RU,2022-12-08 23:07:20,60.4667,166.1,16.41,84,100,6.58
153,Sanary-Sur-Mer,FR,2022-12-08 23:07:22,43.1178,5.8001,54.54,91,100,7.0
154,Cape Town,ZA,2022-12-08 23:05:00,-33.9258,18.4232,76.37,61,26,5.99
155,Zaqatala,AZ,2022-12-08 23:07:23,41.6336,46.6433,36.07,87,100,0.0
156,La Ronge,CA,2022-12-08 23:07:23,55.1001,-105.2842,-0.89,88,57,10.42
157,Pisco,PE,2022-12-08 23:07:24,-13.7,-76.2167,69.03,83,89,5.75
158,Alekseyevsk,RU,2022-12-08 23:07:25,57.8406,108.3492,8.85,94,100,13.04
159,Codrington,AU,2022-12-08 23:07:25,-38.2667,141.9667,55.8,60,100,7.07
160,Hugo,US,2022-12-08 23:07:26,45.16,-92.9933,28.35,79,75,5.75
161,Rafaela,AR,2022-12-08 23:07:27,-31.2503,-61.4867,98.64,21,46,7.74
162,Bahia Honda,CU,2022-12-08 23:07:27,22.9036,-83.1592,75.69,69,3,12.17
163,Mbaiki,CF,2022-12-08 23:07:28,3.8678,17.9892,69.62,92,99,1.95
164,Port Lincoln,AU,2022-12-08 23:07:28,-34.7333,135.8667,62.35,64,79,19.37
165,Halifax,CA,2022-12-08 23:03:57,44.6453,-63.5724,49.68,97,100,3.0
166,Serenje,ZM,2022-12-08 23:07:29,-13.2325,30.2352,62.24,92,74,3.22
167,Grand Gaube,MU,2022-12-08 23:07:29,-20.0064,57.6608,77.4,77,18,1.99
168,Zimmi,SL,2022-12-08 23:07:30,7.3153,-11.3061,74.46,96,18,1.72
169,Avarua,CK,2022-12-08 23:07:30,-21.2078,-159.775,82.45,83,20,6.91
170,Karratha,AU,2022-12-08 23:07:30,-20.7377,116.8463,79.79,43,0,14.18
171,Arawa,PG,2022-12-08 23:07:31,-6.2132,155.5367,79.61,90,100,4.43
172,Padang,ID,2022-12-08 23:07:32,-0.9492,100.3543,75.56,88,100,2.95
173,Vyshneve,UA,2022-12-08 23:07:32,50.3891,30.3705,23.0,97,44,4.79
174,Cockburn Town,TC,2022-12-08 23:07:32,21.4612,-71.1419,78.21,65,17,19.17
175,Northam,GB,2022-12-08 23:07:33,51.0333,-4.2167,33.26,82,63,5.14
176,Vao,NC,2022-12-08 23:07:33,-22.6667,167.4833,78.21,80,0,8.03
177,Kabare,CD,2022-12-08 23:07:34,-2.4683,28.8242,60.24,95,100,1.77
178,Lebu,CL,2022-12-08 23:02:57,-37.6167,-73.65,61.66,92,97,8.25
179,Port Elizabeth,ZA,2022-12-08 23:07:34,-33.918,25.5701,71.31,99,100,13.0
180,Mehamn,NO,2022-12-08 23:08:35,71.0357,27.8492,30.15,59,75,13.8
181,Kununurra,AU,2022-12-08 23:04:52,-15.7667,128.7333,84.18,79,7,5.75
182,Georgetown,MY,2022-12-08 23:08:26,5.4112,100.3354,77.9,89,20,3.44
183,Kosa,RU,2022-12-08 23:08:36,59.9445,54.9977,7.59,82,38,8.34
184,Sao Domingos Do Prata,BR,2022-12-08 23:08:36,-19.865,-42.9683,68.65,91,13,0.81
185,Araouane,ML,2022-12-08 23:08:36,18.9048,-3.5265,76.62,13,0,8.59
186,Sola,VU,2022-12-08 23:08:37,-13.8833,167.55,81.93,74,100,9.53
187,Wuwei,CN,2022-12-08 23:08:37,37.9281,102.6414,23.38,61,80,4.5
188,Bambanglipuro,ID,2022-12-08 23:08:37,-7.95,110.2833,77.16,84,98,2.3
189,Rawlins,US,2022-12-08 23:08:38,41.7911,-107.2387,25.36,58,0,19.57
190,Mareeba,AU,2022-12-08 23:08:38,-17.0,145.4333,79.52,38,74,2.73
191,Krasnyy Tkach,RU,2022-12-08 23:08:39,55.4721,39.0802,20.71,95,100,7.7
192,San Quintin,MX,2022-12-08 23:08:39,30.4833,-115.95,60.01,56,99,14.5
193,Waddan,LY,2022-12-08 23:08:39,29.1614,16.139,65.46,23,0,7.02
194,Ancud,CL,2022-12-08 23:08:40,-41.8697,-73.8203,56.84,95,98,14.29
195,Iqaluit,CA,2022-12-08 23:08:40,63.7506,-68.5145,0.07,88,100,7.78
196,Klaksvik,FO,2022-12-08 23:08:41,62.2266,-6.589,38.32,86,100,38.25
197,Flinders,AU,2022-12-08 23:08:41,-34.5833,150.8552,67.05,48,12,5.01
198,Half Moon Bay,US,2022-12-08 23:08:41,37.4636,-122.4286,57.78,69,100,12.66
199,Ponta Do Sol,PT,2022-12-08 23:08:42,32.6667,-17.1,68.63,81,96,17.56
200,Salinas,US,2022-12-08 23:06:29,36.6777,-121.6555,58.06,66,20,9.22
201,San Patricio,US,2022-12-08 23:08:42,28.017,-97.5169,78.89,71,0,11.34
202,Bara,NG,2022-12-08 23:08:43,10.3744,10.7288,68.65,28,19,8.93
203,Yellowknife,CA,2022-12-08 23:08:43,62.456,-114.3525,-7.08,77,100,14.97
204,Mount Isa,AU,2022-12-08 23:08:44,-20.7333,139.5,87.57,12,1,14.97
205,Wilmington,US,2022-12-08 23:04:30,34.2257,-77.9447,62.94,82,75,3.44
206,Abbeville,FR,2022-12-08 23:08:44,50.1,1.8333,28.49,86,14,0.76
207,Igrim,RU,2022-12-08 23:08:45,63.1906,64.4162,9.93,74,98,9.91
208,Sitka,US,2022-12-08 23:08:45,57.0531,-135.33,35.49,80,100,16.11
209,Mindelo,CV,2022-12-08 23:08:45,16.8901,-24.9804,73.09,77,57,15.39
210,Esperance,AU,2022-12-08 23:08:46,-33.8667,121.9,65.57,80,0,9.01
211,Ostrovnoy,RU,2022-12-08 23:08:46,68.0531,39.5131,25.11,91,100,28.99
212,Praya,CV,2022-12-08 23:08:46,14.9215,-23.5087,75.27,77,25,12.15
213,Bilibino,RU,2022-12-08 23:08:47,68.0546,166.4372,-18.58,93,36,5.95
214,Ust-Ishim,RU,2022-12-08 23:08:47,57.6935,71.1665,9.01,96,100,6.2
215,Khatanga,RU,2022-12-08 23:08:48,71.9667,102.5,-13.65,95,100,2.57
216,Torbay,CA,2022-12-08 23:05:42,47.6666,-52.7314,39.76,97,100,14.97
217,Aleksandrovsk-Sakhalinskiy,RU,2022-12-08 23:08:48,50.8975,142.1561,11.97,79,82,3.31
218,Victoria,HK,2022-12-08 23:08:05,22.2855,114.1577,65.25,79,0,1.99
219,Naze,JP,2022-12-08 23:08:49,28.3667,129.4833,65.39,69,99,15.55
220,Leningradskiy,RU,2022-12-08 23:08:49,69.3833,178.4167,-17.97,91,19,4.45
221,Moose Factory,CA,2022-12-08 23:08:49,51.2585,-80.6094,4.98,78,100,8.05
222,Iskateley,RU,2022-12-08 23:08:50,67.6803,53.1512,-10.91,100,13,0.69
223,Eydhafushi,MV,2022-12-08 23:08:50,5.1033,73.0708,81.19,76,100,12.01
224,Khanewal,PK,2022-12-08 23:08:51,30.3,71.9333,60.24,32,0,5.39
225,Saint Anthony,US,2022-12-08 23:08:51,45.0205,-93.218,28.35,76,20,5.75
226,Dajal,PK,2022-12-08 23:08:21,29.5577,70.3762,62.11,31,0,7.49
227,Buala,SB,2022-12-08 23:08:52,-8.145,159.5921,83.16,76,99,3.78
228,Smithers,CA,2022-12-08 23:05:17,54.7804,-127.1743,35.92,64,75,12.66
229,Krasnokholmskiy,RU,2022-12-08 23:08:52,55.9873,55.0466,-9.58,98,37,5.44
230,Muros,ES,2022-12-08 23:09:52,42.7762,-9.0603,54.09,95,96,6.42
231,Meulaboh,ID,2022-12-08 23:09:53,4.1363,96.1285,74.97,87,100,6.13
232,Kamaishi,JP,2022-12-08 23:09:53,39.2667,141.8833,37.85,69,46,4.63
233,Slave Lake,CA,2022-12-08 23:05:45,55.2834,-114.769,17.02,89,74,7.78
234,Marilia,BR,2022-12-08 23:09:54,-22.2139,-49.9458,77.81,67,76,1.52
235,Vurgun,AZ,2022-12-08 23:09:54,41.0942,45.4716,32.23,88,45,1.68
236,Amapa,BR,2022-12-08 23:09:55,1.0,-52.0,75.78,79,58,1.77
237,Xining,CN,2022-12-08 23:09:55,36.6167,101.7667,23.07,56,1,2.33
238,Shubarshi,KZ,2022-12-08 23:09:56,48.5872,57.1869,1.71,94,5,3.33
239,Cidreira,BR,2022-12-08 23:09:56,-30.1811,-50.2056,72.34,85,0,10.83
240,Dong Hoi,VN,2022-12-08 23:09:56,17.4833,106.6,69.62,95,100,9.46
241,Minas,UY,2022-12-08 23:09:57,-34.3759,-55.2377,80.22,44,0,6.8
242,Fortuna,US,2022-12-08 23:09:57,40.5982,-124.1573,46.98,94,100,5.01
243,Mbandaka,CD,2022-12-08 23:09:58,0.0487,18.2603,68.54,96,99,0.94
244,Oberwart,AT,2022-12-08 23:09:58,47.2897,16.206,35.89,86,99,4.92
245,Pedregal,PA,2022-12-08 23:09:59,8.3667,-82.4333,82.49,69,40,4.61
246,Wajir,KE,2022-12-08 23:09:59,1.7471,40.0573,76.6,73,56,7.87
247,Kirensk,RU,2022-12-08 23:09:59,57.7853,108.1119,8.92,94,100,12.19
248,Urumqi,CN,2022-12-08 23:10:00,43.801,87.6005,0.55,85,75,4.47
249,Port Augusta,AU,2022-12-08 23:10:00,-32.5,137.7667,72.03,29,95,8.25
250,Camacupa,AO,2022-12-08 23:10:01,-12.0167,17.4833,60.96,98,100,3.76
251,Salalah,OM,2022-12-08 23:10:01,17.0151,54.0924,77.09,47,0,10.36
252,Prosotsani,GR,2022-12-08 23:10:01,41.1833,23.9667,55.49,91,74,2.06
253,General Roca,AR,2022-12-08 23:10:03,-39.0333,-67.5833,87.62,33,0,32.64
254,Marzuq,YE,2022-12-08 23:10:06,14.4,46.4667,61.09,31,37,2.8
255,Pervomayskoye,RU,2022-12-08 23:10:07,43.919,46.7102,40.68,68,77,17.11
256,Puerto Leguizamo,CO,2022-12-08 23:10:08,-0.1934,-74.7819,76.91,72,98,2.53
257,Lompoc,US,2022-12-08 23:10:09,34.6391,-120.4579,59.14,74,0,5.75
258,Yar-Sale,RU,2022-12-08 23:10:09,66.8333,70.8333,-22.16,94,80,14.2
259,Shingu,JP,2022-12-08 23:10:10,33.7333,135.9833,46.65,66,5,4.52
260,Porto Velho,BR,2022-12-08 23:10:12,-8.7619,-63.9039,75.25,94,40,1.14
261,Grindavik,IS,2022-12-08 23:10:12,63.8424,-22.4338,30.67,64,40,28.77
262,Hadejia,NG,2022-12-08 23:10:13,12.4498,10.0444,68.72,19,2,9.8
263,Zonguldak,TR,2022-12-08 23:10:13,41.25,31.8333,43.97,66,74,5.68
264,Matagami,CA,2022-12-08 23:10:14,49.7502,-77.6328,-4.29,100,8,3.74
265,Nikolskoye,RU,2022-12-08 23:10:15,59.7035,30.7861,30.09,91,99,9.91
266,Bandundu,CD,2022-12-08 23:10:15,-3.3167,17.3667,68.83,94,100,2.59
267,Olinda,BR,2022-12-08 23:09:56,-8.0089,-34.8553,80.33,74,0,5.75
268,Xichang,CN,2022-12-08 23:10:16,27.8964,102.2634,41.5,82,0,1.5
269,Pirovskoye,RU,2022-12-08 23:10:18,57.6267,92.2658,5.5,87,100,13.96
270,Arraial Do Cabo,BR,2022-12-08 23:09:25,-22.9661,-42.0278,73.0,86,1,4.05
271,Peleduy,RU,2022-12-08 23:10:19,59.6289,112.7406,7.5,94,100,11.63
272,Yerbogachen,RU,2022-12-08 23:10:20,61.2767,108.0108,7.81,95,100,9.53
273,Gouyave,GD,2022-12-08 23:10:22,12.1646,-61.7296,77.77,73,20,14.97
274,Kangaatsiaq,GL,2022-12-08 23:10:23,68.3065,-53.4641,30.58,74,100,5.79
275,Cherskiy,RU,2022-12-08 23:10:25,68.75,161.3,-13.23,84,59,3.13
276,Inhambane,MZ,2022-12-08 23:11:26,-23.865,35.3833,76.19,84,7,7.83
277,Cururupu,BR,2022-12-08 23:11:26,-1.8283,-44.8683,76.17,89,96,3.29
278,Makakilo City,US,2022-12-08 23:11:27,21.3469,-158.0858,82.72,57,20,25.32
279,Chatellerault,FR,2022-12-08 23:11:27,46.8,0.5333,33.57,1,100,10.71
280,Camopi,GF,2022-12-08 23:11:28,3.1655,-52.3158,77.92,74,100,4.05
281,Mayumba,GA,2022-12-08 23:11:28,-3.432,10.6554,74.62,88,87,4.61
282,Biltine,TD,2022-12-08 23:11:29,14.5333,20.9167,68.4,16,41,10.8
283,Gamba,GA,2022-12-08 23:11:29,-2.65,10.0,74.86,86,57,4.36
284,Zherdevka,RU,2022-12-08 23:11:29,51.8486,41.4606,23.41,95,100,15.73
285,Severomuysk,RU,2022-12-08 23:11:30,56.1481,113.4267,-15.18,98,89,4.97
286,Coihaique,CL,2022-12-08 23:11:30,-45.5752,-72.0662,51.75,76,75,6.91
287,Bonavista,CA,2022-12-08 23:11:31,48.6499,-53.1147,37.62,86,7,9.26
288,San Cristobal,VE,2022-12-08 23:11:31,7.7669,-72.225,69.98,88,73,2.66
289,Gorontalo,ID,2022-12-08 23:11:31,0.5412,123.0595,77.56,83,99,1.5
290,Rio Gallegos,AR,2022-12-08 23:11:32,-51.6226,-69.2181,55.45,67,75,8.05
291,Atambua,ID,2022-12-08 23:11:32,-9.1061,124.8925,77.02,74,94,3.4
292,Horodnytsya,UA,2022-12-08 23:11:33,50.807,27.3168,22.91,97,7,5.41
293,Eyl,SO,2022-12-08 23:11:33,7.9803,49.8164,75.79,80,58,14.54
294,Elko,US,2022-12-08 23:11:33,41.0002,-115.5012,23.65,91,14,4.29
295,Tyup,KG,2022-12-08 23:11:34,42.7276,78.3648,23.58,83,100,4.23
296,Pilar,BR,2022-12-08 23:11:34,-9.5972,-35.9567,75.13,86,81,8.25
297,Frontera,MX,2022-12-08 23:11:35,26.9333,-101.45,73.33,68,20,3.0
298,Antofagasta,CL,2022-12-08 23:11:35,-23.65,-70.4,65.48,79,86,3.74
299,Socuellamos,ES,2022-12-08 23:11:36,39.2858,-2.7921,51.37,82,99,19.22
300,San Andres,CO,2022-12-08 23:11:36,12.5847,-81.7006,82.42,69,40,13.8
301,Vilhena,BR,2022-12-08 23:11:36,-12.7406,-60.1458,71.85,91,97,0.58
302,Piney Green,US,2022-12-08 23:11:37,34.716,-77.3202,60.98,80,0,9.22
303,Alice Springs,AU,2022-12-08 23:08:10,-23.7,133.8833,80.15,13,75,20.71
304,Dongli,CN,2022-12-08 23:11:37,23.5656,116.8194,59.25,80,0,6.8
305,Yoichi,JP,2022-12-08 23:11:38,43.2039,140.7703,31.98,67,100,14.07
306,Torrington,US,2022-12-08 23:11:38,41.8007,-73.1212,45.12,81,78,3.0
307,Yumen,CN,2022-12-08 23:11:39,40.2833,97.2,15.62,78,87,3.33
308,Kapit,MY,2022-12-08 23:11:39,2.0167,112.9333,73.13,98,100,1.14
309,Traverse City,US,2022-12-08 23:07:11,44.7631,-85.6206,29.01,79,100,5.75
310,Bahia Blanca,AR,2022-12-08 23:11:40,-38.7196,-62.2724,89.29,23,0,8.52
311,Manokwari,ID,2022-12-08 23:09:52,-0.8667,134.0833,80.94,75,79,2.91
312,Pacific Grove,US,2022-12-08 23:11:40,36.6177,-121.9166,56.43,73,75,11.01
313,Lagoa,PT,2022-12-08 23:11:41,39.05,-27.9833,58.93,73,76,18.37
314,Lata,PT,2022-12-08 23:11:41,40.1629,-8.3327,53.08,96,100,5.64
315,Coquimbo,CL,2022-12-08 23:11:42,-29.9533,-71.3436,64.13,82,20,12.66
316,Laguna,US,2022-12-08 23:11:42,38.421,-121.4238,56.05,69,75,10.36
317,Poum,NC,2022-12-08 23:11:43,-20.2333,164.0167,81.07,76,1,10.0
318,Portland,US,2022-12-08 23:11:17,45.5234,-122.6762,45.52,92,100,6.91
319,Leeuwarden,NL,2022-12-08 23:11:43,53.2014,5.8086,35.6,97,100,5.75
320,Fairview,US,2022-12-08 23:11:44,40.8126,-73.999,49.26,65,0,13.8
321,Opuwo,NA,2022-12-08 23:12:44,-18.0607,13.84,64.81,25,0,4.56
322,Lensk,RU,2022-12-08 23:12:45,60.7253,114.9278,6.93,94,100,10.07
323,Ondangwa,NA,2022-12-08 23:12:45,-17.9167,15.95,77.22,13,0,15.35
324,Saint George,US,2022-12-08 23:08:41,37.1041,-113.5841,52.43,58,0,5.75
325,Bowling Green,US,2022-12-08 23:12:46,36.9903,-86.4436,56.14,91,100,4.61
326,Waiouru,NZ,2022-12-08 23:12:46,-39.4833,175.6667,57.65,76,100,8.68
327,Asau,RO,2022-12-08 23:12:46,46.4333,26.4,34.72,88,100,2.66
328,Masvingo,ZW,2022-12-08 23:12:47,-20.0637,30.8277,67.64,86,100,4.18
329,Bathsheba,BB,2022-12-08 23:12:47,13.2167,-59.5167,77.05,83,20,5.75
330,Te Anau,NZ,2022-12-08 23:12:48,-45.4167,167.7167,54.97,96,100,1.48
331,Khor,RU,2022-12-08 23:12:48,47.8861,134.9464,1.26,97,54,4.43
332,Erzin,TR,2022-12-08 23:12:48,36.9559,36.2,53.98,70,36,6.2
333,Westport,US,2022-12-08 23:12:49,41.1415,-73.3579,49.32,57,0,9.22
334,Mount Gambier,AU,2022-12-08 23:12:49,-37.8333,140.7667,57.04,52,99,6.49
335,Hambantota,LK,2022-12-08 23:12:49,6.1241,81.1185,75.04,69,100,15.08
336,Guangyuan,CN,2022-12-08 23:12:50,32.442,105.823,44.74,75,87,1.52
337,Galatas,GR,2022-12-08 23:12:50,37.4962,23.4489,56.88,87,25,4.61
338,Novobiryusinskiy,RU,2022-12-08 23:12:51,56.9578,97.7076,9.9,80,100,11.79
339,Ambon,ID,2022-12-08 23:12:51,-3.6954,128.1814,78.24,15,20,4.61
340,Skibbereen,IE,2022-12-08 23:12:51,51.55,-9.2667,35.11,84,50,7.92
341,Illapel,CL,2022-12-08 23:12:52,-31.6308,-71.1653,74.86,49,0,6.42
342,Shubarkuduk,KZ,2022-12-08 23:12:52,49.1447,56.4872,1.72,93,5,1.43
343,Chilca,PE,2022-12-08 23:12:53,-12.5211,-76.7372,67.42,82,100,6.67
344,Selty,RU,2022-12-08 23:12:53,57.3132,52.1345,3.36,89,37,8.23
345,Ballina,AU,2022-12-08 23:12:53,-28.8667,153.5667,66.65,75,100,10.71
346,Antalaha,MG,2022-12-08 23:12:54,-14.9003,50.2788,71.76,87,0,6.6
347,Pleasanton,US,2022-12-08 23:12:54,37.6624,-121.8747,56.8,61,20,9.22
348,Ipixuna,BR,2022-12-08 23:12:54,-1.7625,-48.8043,75.79,90,100,4.52
349,Sao Francisco,BR,2022-12-08 23:12:55,-15.9486,-44.8644,74.43,86,61,3.09
350,Bismil,TR,2022-12-08 23:12:55,37.8486,40.6658,47.93,73,72,2.84
351,Taltal,CL,2022-12-08 23:12:56,-25.4,-70.4833,65.01,80,65,2.04
352,Faanui,PF,2022-12-08 23:12:56,-16.4833,-151.75,80.83,72,79,12.41
353,Trelew,AR,2022-12-08 23:08:28,-43.249,-65.3051,80.96,19,31,26.53
354,Verkhnyaya Inta,RU,2022-12-08 23:12:57,65.9811,60.3094,-19.03,99,11,4.12
355,Bolshoy Lug,RU,2022-12-08 23:12:57,52.0779,104.0919,8.78,97,100,2.64
356,Muli,MV,2022-12-08 23:12:57,2.9167,73.5667,81.37,79,100,17.56
357,Cornetu,RO,2022-12-08 23:12:58,44.3417,25.9408,44.08,93,100,4.74
358,Sholokhovskiy,RU,2022-12-08 23:12:58,48.2807,41.0459,28.98,80,100,15.5
359,Raudeberg,NO,2022-12-08 23:12:59,61.9875,5.1352,29.07,75,28,10.56
360,Ouallam,NE,2022-12-08 23:12:59,14.3188,2.0866,74.1,15,0,10.96
361,Henties Bay,NA,2022-12-08 23:13:00,-22.116,14.2845,58.57,91,0,4.74
362,Fangshan,CN,2022-12-08 23:13:00,39.6983,115.9925,32.61,41,53,1.99
363,Taoudenni,ML,2022-12-08 23:13:01,22.6783,-3.9836,79.2,15,27,7.74
364,Gazli,UZ,2022-12-08 23:13:01,40.1333,63.45,22.28,44,86,12.64
365,Atar,MR,2022-12-08 23:13:01,20.5169,-13.0499,77.56,41,77,3.27
366,Faya,SA,2022-12-08 23:13:02,18.3851,42.4509,50.52,72,1,2.21
367,Inta,RU,2022-12-08 23:14:03,66.0317,60.1659,-20.56,99,11,3.83
368,Porto Novo,BJ,2022-12-08 23:14:03,6.4965,2.6036,79.57,81,80,5.61
369,Orneta,PL,2022-12-08 23:14:04,54.1148,20.1333,33.01,98,100,8.19
370,Brownsville,US,2022-12-08 23:11:45,25.9018,-97.4975,80.6,76,20,9.22
371,Belmonte,BR,2022-12-08 23:14:05,-15.8631,-38.8828,75.96,92,100,8.81
372,Pumiao,CN,2022-12-08 23:14:05,22.75,108.4833,56.32,70,100,2.8
373,Tuatapere,NZ,2022-12-08 23:14:06,-46.1333,167.6833,58.8,88,100,1.43
374,Kalianget,ID,2022-12-08 23:14:06,-7.05,113.9333,80.91,72,76,0.51
375,Thinadhoo,MV,2022-12-08 23:14:06,0.5333,72.9333,82.22,75,89,16.84
376,Izyum,UA,2022-12-08 23:12:25,49.2088,37.2485,34.45,93,100,9.24
377,San Carlos De Bariloche,AR,2022-12-08 23:10:40,-41.1456,-71.3082,58.75,63,40,26.46
378,Baracoa,CU,2022-12-08 23:14:07,20.3467,-74.4958,74.25,78,47,10.56
379,Usakos,NA,2022-12-08 23:14:08,-22.0,15.6,62.91,43,0,2.95
380,Nome,US,2022-12-08 23:13:01,64.5011,-165.4064,17.67,74,100,0.0
381,Vanavara,RU,2022-12-08 23:14:09,60.34,102.2797,6.4,93,100,12.1
382,Moron,AR,2022-12-08 23:14:09,-34.6534,-58.6198,90.93,60,11,3.09
383,Kovvur,IN,2022-12-08 23:14:09,17.0167,81.7333,67.69,60,90,7.14
384,Labuhan,ID,2022-12-08 23:14:10,-6.8844,112.2051,77.92,84,93,6.15
385,Syracuse,IT,2022-12-08 23:10:18,37.0881,15.2792,56.32,78,60,9.33
386,Manzhouli,CN,2022-12-08 23:14:10,49.6,117.4333,6.48,89,100,16.93
387,Samarai,PG,2022-12-08 23:14:11,-10.6167,150.6667,84.07,72,94,3.69
388,Aklavik,CA,2022-12-08 23:14:12,68.2191,-135.0107,-30.23,94,64,3.8
389,Ovalle,CL,2022-12-08 23:14:12,-30.5983,-71.2003,79.38,33,3,5.48
390,Hargeysa,SO,2022-12-08 23:14:12,9.56,44.065,59.81,67,7,8.86
391,Derzhavinsk,KZ,2022-12-08 23:14:13,51.1,66.3167,-2.54,93,19,8.25
392,Ust-Omchug,RU,2022-12-08 23:14:13,61.15,149.6333,-29.07,100,98,1.57
393,Maningrida,AU,2022-12-08 23:14:14,-12.0667,134.2667,84.69,59,100,3.65
394,Hofn,IS,2022-12-08 23:14:14,64.2539,-15.2082,30.43,58,54,23.55
395,Kapuskasing,CA,2022-12-08 23:14:15,49.4169,-82.4331,9.79,88,42,5.19
396,Shiyan,CN,2022-12-08 23:14:15,32.6475,110.7781,39.87,77,11,1.34
397,Beringovskiy,RU,2022-12-08 23:14:16,63.05,179.3167,10.44,97,79,4.41
398,Ocampo,MX,2022-12-08 23:14:17,21.65,-101.5,64.53,21,0,10.8
399,Ardakan,IR,2022-12-08 23:14:17,32.31,54.0175,45.21,54,94,7.76
400,Sungaipenuh,ID,2022-12-08 23:14:18,-2.0833,101.3833,63.12,94,99,1.43
401,Aripuana,BR,2022-12-08 23:14:18,-9.1667,-60.6333,77.07,82,99,1.25
402,Furano,JP,2022-12-08 23:14:19,43.2818,142.4743,21.0,93,100,3.31
403,Arequipa,PE,2022-12-08 23:14:19,-16.3989,-71.535,57.38,79,97,3.22
404,Nieuw Amsterdam,SR,2022-12-08 23:14:20,5.8833,-55.0833,80.76,85,20,2.3
405,Sangmelima,CM,2022-12-08 23:14:20,2.9333,11.9833,67.95,91,88,1.77
406,Leh,IN,2022-12-08 23:14:21,34.1667,77.5833,23.22,83,97,3.62
407,Dongsheng,CN,2022-12-08 23:14:21,39.8161,109.9776,20.48,48,4,7.11
408,Emerald,AU,2022-12-08 23:14:22,-23.5333,148.1667,78.35,45,1,13.65
409,Bundaberg,AU,2022-12-08 23:14:22,-24.85,152.35,82.22,71,0,1.99
410,Geraldton,AU,2022-12-08 23:14:22,-28.7667,114.6,66.61,59,100,10.36
411,Quatre Cocos,MU,2022-12-08 23:14:23,-20.2078,57.7625,77.11,79,63,15.97
412,Alofi,NU,2022-12-08 23:15:24,-19.0595,-169.9187,85.89,70,75,11.5
413,Rumonge,BI,2022-12-08 23:15:25,-3.9736,29.4386,71.01,82,100,4.54
414,Surgut,RU,2022-12-08 23:15:25,61.25,73.4167,12.38,85,75,11.18
415,Parainen,FI,2022-12-08 23:15:26,60.3067,22.301,30.88,90,100,13.47
416,Gragnano,IT,2022-12-08 23:15:26,40.6956,14.5123,60.85,90,81,8.32
417,Kavieng,PG,2022-12-08 23:15:27,-2.5744,150.7967,82.22,77,100,6.58
418,Road Town,VG,2022-12-08 23:15:27,18.4167,-64.6167,78.89,78,40,11.5
419,Talcahuano,CL,2022-12-08 23:15:28,-36.7167,-73.1167,62.28,100,100,6.91
420,Roma,US,2022-12-08 23:15:28,43.2128,-75.4557,39.09,86,100,4.61
421,Tavrichanka,RU,2022-12-08 23:15:29,43.3378,131.8639,3.06,76,6,0.22
422,Tura,IN,2022-12-08 23:15:29,25.5198,90.2201,59.0,82,71,3.09
423,Aksu,CN,2022-12-08 23:15:29,41.1231,80.2644,23.16,43,100,1.45
424,Tromso,NO,2022-12-08 23:15:30,69.6496,18.957,32.02,80,75,13.8
425,Nizwa,OM,2022-12-08 23:15:30,22.9333,57.5333,66.47,52,0,3.29
426,Lingao,CN,2022-12-08 23:15:31,19.9103,109.6859,68.09,82,100,10.11
427,Omsukchan,RU,2022-12-08 23:15:31,62.5333,155.8,-13.34,94,100,3.22
428,Chalisgaon,IN,2022-12-08 23:15:31,20.4667,75.0167,60.48,39,100,3.8
429,Alta Floresta,BR,2022-12-08 23:15:32,-9.8756,-56.0861,73.76,92,80,3.67
430,Udachnyy,RU,2022-12-08 23:15:32,66.4167,112.4,-19.07,96,100,4.61
431,Summerville,US,2022-12-08 23:14:48,33.0185,-80.1757,68.81,92,75,3.44
432,Gospic,HR,2022-12-08 23:15:33,44.5461,15.3747,44.29,98,100,6.49
433,Dunhua,CN,2022-12-08 23:15:33,43.3725,128.2425,13.39,81,4,5.82
434,Sobolevo,RU,2022-12-08 23:15:34,54.4299,31.8996,28.58,96,99,9.06
435,Lianzhou,CN,2022-12-08 23:15:34,24.7811,112.3825,45.61,97,18,3.49
436,Shimanovsk,RU,2022-12-08 23:15:35,52.0,127.7,-9.51,99,54,1.66
437,Syamzha,RU,2022-12-08 23:15:35,60.0158,41.0614,16.93,90,100,9.22
438,Harper,LR,2022-12-08 23:15:36,4.375,-7.7169,78.71,82,14,6.38
439,Elban,RU,2022-12-08 23:15:36,50.1018,136.5094,-8.03,99,95,2.66
440,Kaeo,NZ,2022-12-08 23:15:36,-35.1,173.7833,69.28,93,100,5.19
441,Oranjemund,NA,2022-12-08 23:15:37,-28.55,16.4333,62.35,94,8,0.38
442,Tutoia,BR,2022-12-08 23:15:37,-2.7619,-42.2744,80.96,79,100,12.91
443,Honningsvag,NO,2022-12-08 23:15:38,70.9821,25.9704,31.75,59,75,23.02
444,Lokoja,NG,2022-12-08 23:15:38,7.8024,6.743,77.61,25,11,1.79
445,Lumberton,US,2022-12-08 23:15:38,34.6182,-79.0086,64.81,77,100,0.0
446,Comodoro Rivadavia,AR,2022-12-08 23:10:48,-45.8667,-67.5,73.26,21,0,32.21
447,Kurchum,KZ,2022-12-08 23:15:39,48.5722,83.6542,-0.53,88,100,1.72
448,Slobodskoy,RU,2022-12-08 23:15:39,58.7322,50.1772,6.75,90,31,8.72
449,Goroka,PG,2022-12-08 23:15:40,-6.0834,145.3873,65.25,91,100,0.65
450,Sorland,NO,2022-12-08 23:15:40,67.667,12.6934,35.46,58,98,18.92
451,Mahibadhoo,MV,2022-12-08 23:15:41,3.7833,72.9667,81.64,79,100,15.88
452,Zabol,AF,2022-12-08 23:15:41,32.25,67.25,38.62,91,92,6.82
453,Katsuura,JP,2022-12-08 23:15:41,35.1333,140.3,53.38,77,99,10.2
454,Miri,MY,2022-12-08 23:13:26,4.4148,114.0089,76.15,93,98,3.74
455,Magan,ES,2022-12-08 23:15:42,39.9683,-3.931,55.53,81,61,10.78
456,Yarkovo,RU,2022-12-08 23:15:42,57.4028,67.0786,7.75,94,97,6.55
457,Alghero,IT,2022-12-08 23:16:43,40.5589,8.3181,60.89,82,0,10.36
458,Sfantu Gheorghe,RO,2022-12-08 23:16:43,45.8667,25.7833,44.26,92,100,1.63
459,Kaili,ID,2022-12-08 23:16:43,-3.4626,120.2147,70.03,77,99,1.74
460,Touros,BR,2022-12-08 23:14:44,-5.1989,-35.4608,78.85,80,98,13.15
461,Kryve Ozero,UA,2022-12-08 23:16:44,47.9524,30.3493,39.78,90,99,5.46
462,Saint-Louis,SN,2022-12-08 23:16:45,16.3333,-15.0,82.0,34,0,12.1
463,Jambi,ID,2022-12-08 23:16:45,-1.6,103.6167,72.7,98,100,2.53
464,Chapais,CA,2022-12-08 23:16:45,49.7834,-74.8492,-0.62,100,7,0.65
465,Banda Aceh,ID,2022-12-08 23:16:46,5.5577,95.3222,75.81,85,100,9.08
466,Skorodnoye,RU,2022-12-08 23:13:10,51.071,37.2276,29.84,98,100,8.84
467,Gigmoto,PH,2022-12-08 23:16:46,13.7796,124.39,79.52,83,95,1.99
468,Tautira,PF,2022-12-08 23:16:47,-17.7333,-149.15,79.05,79,72,10.56
469,Kendari,ID,2022-12-08 23:16:47,-3.945,122.4989,77.47,83,100,2.82
470,Placido De Castro,BR,2022-12-08 23:16:48,-10.3353,-67.1856,82.9,65,100,3.11
471,Kericho,KE,2022-12-08 23:16:48,-0.3677,35.2831,55.47,85,94,3.83
472,Santa Maria,BR,2022-12-08 23:16:49,-29.6842,-53.8069,78.1,53,0,2.3
473,Kaitangata,NZ,2022-12-08 23:16:49,-46.2817,169.8464,65.39,63,100,2.44
474,Yalutorovsk,RU,2022-12-08 23:16:49,56.6536,66.3006,6.87,94,93,7.0
475,Maniitsoq,GL,2022-12-08 23:16:50,65.4167,-52.9,35.22,72,100,28.68
476,Esqueda,MX,2022-12-08 23:16:50,30.7167,-109.5833,64.33,30,21,8.37
477,Wadern,DE,2022-12-08 23:16:50,49.5333,6.8833,34.2,91,99,1.03
478,Lorengau,PG,2022-12-08 23:16:51,-2.0226,147.2712,81.37,81,100,7.96
479,Nong Phai,TH,2022-12-08 23:16:51,15.9903,101.0618,71.92,78,45,4.03
480,Teahupoo,PF,2022-12-08 23:16:52,-17.8333,-149.2667,80.56,80,88,11.32
481,Kashan,IR,2022-12-08 23:16:52,33.9831,51.4364,40.59,65,0,0.0
482,La Rioja,ES,2022-12-08 23:16:52,42.25,-2.5,40.78,100,100,4.25
483,Biskamzha,RU,2022-12-08 23:16:53,53.4497,89.5272,-9.72,94,61,1.03
484,Olafsvik,IS,2022-12-08 23:16:53,64.8945,-23.7142,32.79,65,72,27.81
485,Boone,US,2022-12-08 23:16:54,39.0334,-92.3335,46.65,95,100,8.61
486,Kuopio,FI,2022-12-08 23:16:54,62.8924,27.677,19.35,93,100,4.61
487,Americus,US,2022-12-08 23:13:46,32.0724,-84.2327,72.99,83,0,0.0
488,Mount Pleasant,US,2022-12-08 23:16:55,32.7941,-79.8626,69.01,91,100,1.99
489,Jarocin,PL,2022-12-08 23:16:55,51.9727,17.5026,33.82,87,100,8.79
490,Vostok,RU,2022-12-08 23:16:55,46.4856,135.8833,-1.95,98,85,5.21
491,Sabaudia,IT,2022-12-08 23:16:56,41.3003,13.0282,58.91,84,87,9.98
492,Maku,IR,2022-12-08 23:16:56,39.2911,44.4521,33.39,80,41,2.64
493,Nemuro,JP,2022-12-08 23:16:57,43.3236,145.575,29.37,53,13,12.33
494,Boende,CD,2022-12-08 23:16:57,-0.2167,20.8667,67.53,99,100,1.72
495,Saurimo,AO,2022-12-08 23:16:57,-9.6608,20.3916,64.33,97,99,2.68
496,Denpasar,ID,2022-12-08 23:14:39,-8.65,115.2167,78.46,88,75,6.91
497,Yago,MX,2022-12-08 23:16:58,21.8333,-105.0667,84.9,59,81,6.85
498,Balkanabat,TM,2022-12-08 23:16:58,39.5108,54.3671,33.04,60,25,10.09
499,Katangli,RU,2022-12-08 23:16:59,51.7102,143.2326,-1.03,94,7,8.93
500,Vredendal,ZA,2022-12-08 23:16:59,-31.6683,18.5012,64.04,85,91,4.88
501,Paysandu,UY,2022-12-08 23:16:59,-32.3214,-58.0756,93.29,19,0,6.8
502,Najran,SA,2022-12-08 23:17:00,17.4924,44.1277,57.85,35,5,2.19
503,Togur,RU,2022-12-08 23:18:00,58.3631,82.8265,5.0,87,100,13.35
504,Old Saybrook,US,2022-12-08 23:18:01,41.2918,-72.3762,48.97,63,0,8.05
505,Sakakah,SA,2022-12-08 23:18:01,29.9697,40.2064,54.97,68,13,7.7
506,Hami,CN,2022-12-08 23:18:01,42.8,93.45,21.97,52,12,8.05
507,Constitucion,CL,2022-12-08 23:18:02,-35.3333,-72.4167,65.82,85,23,9.82
508,Bonthe,SL,2022-12-08 23:18:03,7.5264,-12.505,79.63,83,4,6.67
509,Kaseda,JP,2022-12-08 23:18:03,31.4167,130.3167,54.64,71,3,6.55
510,Upata,VE,2022-12-08 23:18:04,8.0086,-62.3989,72.43,85,100,4.16
511,Amazar,RU,2022-12-08 23:18:04,53.858,120.875,-12.68,98,88,1.74
512,Zhangye,CN,2022-12-08 23:18:05,38.9342,100.4517,21.33,69,45,2.62
513,San Javier,ES,2022-12-08 23:18:05,37.8063,-0.8374,58.39,85,100,2.3
514,Nongstoin,IN,2022-12-08 23:18:06,25.5167,91.2667,48.04,28,38,4.0
515,Myitkyina,MM,2022-12-08 23:18:06,25.3833,97.4,54.81,73,0,2.51
516,Kuusamo,FI,2022-12-08 23:18:07,65.9667,29.1833,23.04,86,100,4.61
517,Nhlangano,SZ,2022-12-08 23:18:07,-27.1167,31.2,62.28,97,100,1.83
518,Hanzhong,CN,2022-12-08 23:18:08,33.0728,107.0303,41.22,76,77,0.54
519,Shenjiamen,CN,2022-12-08 23:18:08,29.9576,122.298,59.63,81,99,7.14
520,Husavik,IS,2022-12-08 23:18:09,66.0449,-17.3389,29.79,85,100,21.12
521,Yunyang,CN,2022-12-08 23:18:09,33.4474,112.7142,39.63,76,7,0.98
522,Kungurtug,RU,2022-12-08 23:18:10,50.5994,97.5228,-22.09,98,36,1.43
523,Kindu,CD,2022-12-08 23:18:10,-2.95,25.95,68.52,100,100,2.66
524,Kuvandyk,RU,2022-12-08 23:18:11,51.4781,57.3552,-9.04,99,14,1.52
525,Erie,US,2022-12-08 23:18:11,42.7667,-78.6664,37.58,73,93,3.0
526,Liverpool,GB,2022-12-08 23:18:11,53.4106,-2.9779,33.82,86,40,6.91
527,Tsumeb,NA,2022-12-08 23:18:12,-19.2333,17.7167,80.33,34,90,2.59
528,Virginia Beach,US,2022-12-08 23:18:12,36.8529,-75.978,55.44,87,100,4.61
529,Macia,MZ,2022-12-08 23:18:13,-25.0269,33.0989,72.52,97,17,4.05
530,Baishishan,CN,2022-12-08 23:18:13,43.5833,127.5667,11.52,90,29,3.29
531,Mwinilunga,ZM,2022-12-08 23:18:13,-11.7358,24.4293,61.21,99,100,2.62
532,May Pen,JM,2022-12-08 23:18:14,17.9645,-77.2451,81.61,78,9,8.1
533,Nuuk,GL,2022-12-08 23:18:14,64.1835,-51.7216,35.58,62,100,29.86
534,Cervo,ES,2022-12-08 23:18:15,43.6702,-7.4101,53.96,94,100,13.15
535,Fairbanks,US,2022-12-08 23:17:00,64.8378,-147.7164,17.6,88,75,5.75
536,Takoradi,GH,2022-12-08 23:18:15,4.8845,-1.7554,79.5,83,33,8.14
537,Seoni Malwa,IN,2022-12-08 23:18:16,22.45,77.4667,53.71,50,95,6.71
538,Pacifica,US,2022-12-08 23:13:38,37.6138,-122.4869,57.6,74,100,12.66
539,Kota Kinabalu,MY,2022-12-08 23:18:17,5.9749,116.0724,76.98,94,20,3.44
540,Loum,CM,2022-12-08 23:18:17,4.7182,9.7351,73.56,84,73,1.99
541,Shimoda,JP,2022-12-08 23:18:18,34.6667,138.95,52.16,71,38,7.11
542,Weinan,CN,2022-12-08 23:18:18,34.5036,109.5089,39.52,66,100,3.02
543,Biak,ID,2022-12-08 23:18:19,-0.9131,122.8766,77.94,70,97,2.26
544,Hervey Bay,AU,2022-12-08 23:18:19,-25.2986,152.8535,76.15,72,12,14.52
545,Gonzalez,US,2022-12-08 23:18:20,30.5816,-87.2914,72.09,92,0,4.61
546,Grants,US,2022-12-08 23:18:20,35.1473,-107.8514,46.63,18,0,4.61
547,Otradnoye,RU,2022-12-08 23:19:21,59.7775,30.8181,30.25,91,100,10.09
548,Nahrin,AF,2022-12-08 23:19:21,36.0649,69.1334,35.69,98,99,3.94
549,Namtsy,RU,2022-12-08 23:19:22,62.7161,129.6658,-21.21,97,100,4.9
550,Svetlogorsk,BY,2022-12-08 23:19:22,52.6333,29.7333,18.45,97,57,6.49
551,Soc Trang,VN,2022-12-08 23:19:22,9.6033,105.98,75.2,92,100,7.16
552,Cullman,US,2022-12-08 23:19:23,34.1748,-86.8436,68.14,90,0,0.0
553,Seymchan,RU,2022-12-08 23:19:23,62.8833,152.4333,-47.72,99,93,0.51
554,Clarksburg,US,2022-12-08 23:14:54,39.2807,-80.3445,50.05,78,40,0.0
555,Munsingen,DE,2022-12-08 23:19:24,48.4113,9.497,26.26,91,26,1.45
556,Emilio Carranza,MX,2022-12-08 23:19:24,19.9711,-96.6114,76.44,74,5,4.9
557,Paita,PE,2022-12-08 23:19:25,-5.0892,-81.1144,68.22,75,91,16.4
558,Uvat,RU,2022-12-08 23:19:25,59.1433,68.8953,9.55,93,100,8.1
559,Poddorye,RU,2022-12-08 23:19:25,57.4695,31.1156,30.18,90,55,8.1
560,Nouadhibou,MR,2022-12-08 23:19:26,20.931,-17.0347,67.98,88,29,10.36
561,Fuerte Olimpo,PY,2022-12-08 23:19:26,-21.0415,-57.8738,93.16,37,52,6.42
562,Blacklick Estates,US,2022-12-08 23:19:27,39.9051,-82.8643,45.12,91,100,6.91
563,Sinjar,IQ,2022-12-08 23:19:27,36.3209,41.8754,50.05,60,10,2.91
